Sequence,mz,Charge,RTstart,RTend
GGGGGGGGGAPR,543.28611,2,1.7,3.7
SGNFGGSR,505.76447,2,1.7,3.7
SVSSSSYR,551.29052,2,1.7,3.7
EDAANNYAR,626.80961,2,1.8,3.8
YEEEEEQSR,714.32803,2,1.8,3.8
EYEEEER,606.78273,2,1.8,3.8
EMQPTHPIR,451.90973,3,20.5,22.5
GLQTSQDAR,602.8278,2,20.9,22.9
VGPDTER,501.77451,2,21.9,23.9
GTVQQADE,538.77471,2,22.1,24.1
AAATSAK,539.33705,2,22.2,24.2
AAGAGAAK,537.83722,2,22.4,24.4
GSSAGFDR,513.26431,2,22.8,24.8
AAAAAGTATSQR,673.86492,2,23,25
IAGEASR,466.77177,2,23.1,25.1
ATGDETGAK,654.364,2,23.2,25.2
AAVAASSSS,490.26652,2,23.2,25.2
GLSEDTR,503.77197,2,23.2,25.2
IASEASR,481.77705,2,23.3,25.3
AVTEQGHELSNEER,609.97266,3,23.3,25.3
TDTGEPMGR,596.79511,2,23.3,25.3
DTPASGK,567.33197,2,23.4,25.4
DQGGFGDR,540.76721,2,23.6,25.6
MGSGVER,482.7578,2,23.7,25.7
YGGGGYGR,508.26157,2,23.9,25.9
AQQAADK,616.35597,2,23.9,25.9
DSYGGPPR,539.27996,2,24,26
SATSPEGK,617.85581,2,24,26
TVQEKEN,653.37436,2,24,26
GGDAPAAGEDA,580.27507,2,24.1,26.1
YYGGGSEGGR,616.29888,2,24.2,26.2
TEADAEK,611.33999,2,24.2,26.2
ASGYQSSQK,707.39054,2,24.3,26.3
GPPPSYGGSSR,645.83563,2,24.4,26.4
AGAHLQGGAK,456.61017,3,24.4,26.4
AAGGATPK,565.85033,2,24.4,26.4
LSPANQR,507.79832,2,24.4,26.4
AASGEGKPK,511.31855,3,24.4,26.4
AAESPDQK,652.36654,2,24.4,26.4
EAEDSLR,524.77725,2,24.4,26.4
ELAQTTR,524.30343,2,24.4,26.4
GNVAGDSK,603.34815,2,24.6,26.6
KAAATSAK,478.97976,3,24.7,26.7
TATADDKK,512.9782,3,24.7,26.7
DTDSEEEIR,661.8173,2,24.8,26.8
RMMMQSGEAK,837.92251,2,24.8,26.8
AVPTDEAR,544.30089,2,25.1,27.1
AAANEQLTR,601.83817,2,25.1,27.1
LTPQGQR,514.80614,2,25.2,27.2
ALDDTAR,495.77451,2,25.3,27.3
DQITAGNAAR,623.34108,2,25.4,27.4
KAAGGATPK,496.65528,3,25.4,27.4
AGGPGLER,493.28504,2,25.4,27.4
HEANNPQLK,503.62437,3,25.5,27.5
AASGEAKPK,515.99044,3,25.5,27.5
YDDYSSSR,611.28289,2,25.6,27.6
EEASNFR,541.27741,2,25.6,27.6
AAEEPQQQK,764.92221,2,25.6,27.6
TTHFVEGGDAGNR,530.6005,3,25.7,27.7
GFGSEEGSR,577.7856,2,25.7,27.7
EVQTAVR,516.30597,2,25.8,27.8
VISSANR,488.29287,2,25.9,27.9
QEMQEVQSSR,725.86152,2,25.9,27.9
KLTPQGQR,462.62582,3,25.9,27.9
APQAAGK,550.84505,2,25.9,27.9
AEASLER,502.78233,2,26,28
AAATQPDAK,665.89018,2,26,28
HGVYNPNK,462.93465,3,26,28
SYVTTSTR,572.314,2,26.1,28.1
EAELGAR,487.77705,2,26.1,28.1
DSGPPTK,580.33979,2,26.1,28.1
GKPDAAK,458.62884,3,26.1,28.1
KDPNAPK,486.30788,3,26.1,28.1
NDKSEEEQSSSSVK,747.73196,3,26.2,28.2
SVSDNDIR,567.80125,2,26.2,28.2
ATGAATPK,587.86343,2,26.2,28.2
GSPQQIDHAK,513.62789,3,26.3,28.3
DSYESYGNSR,703.82292,2,26.3,28.3
ESESVDK,626.34527,2,26.4,28.4
VVVSGGR,451.78468,2,26.4,28.4
EGIPPDQQR,634.84345,2,26.7,28.7
EAGEQGDIEPR,715.35966,2,26.7,28.7
LSPSPSSR,530.30343,2,26.7,28.7
GAAVDGGK,566.83996,2,26.7,28.7
AAATPAK,544.34742,2,26.7,28.7
DVESDSAK,654.856,2,26.8,28.8
AEMTAAAEER,662.32424,2,26.8,28.8
GEGQLGPAER,621.83563,2,26.9,28.9
EAENPEGEEK,795.40659,2,26.9,28.9
VEADRPGK,686.40346,2,26.9,28.9
EMAGDNK,611.82873,2,26.9,28.9
TATPQQAQEVHEK,642.3546,3,27.1,29.1
KPTTEEK,507.31481,3,27.1,29.1
AAPEASGTPSSDAVSR,577.96187,3,27.2,29.2
AAPEASGTPSSDAVSR,866.43917,2,27.2,29.2
LGIHEDSQNR,466.58267,3,27.2,29.2
DDGYSTK,622.33216,2,27.2,29.2
DYAPPPR,522.78742,2,27.2,29.2
GYDDRDYYSR,513.57395,3,27.3,29.3
ASFNNPDR,575.29614,2,27.3,29.3
RPDQQLQGEGK,571.99312,3,27.4,29.4
KEEPSNNVK,578.01179,3,27.4,29.4
AKPAPSK,462.64097,3,27.4,29.4
SAAQAAAQTNSNAAGK,640.34974,3,27.5,29.5
IQNDAGVR,551.31433,2,27.5,29.5
DGEEAGAYDGPR,733.34147,2,27.5,29.5
EETKEDAEEKQ,675.03146,3,27.5,29.5
EAEEVYR,562.7929,2,27.5,29.5
KPATAAGTK,511.33068,3,27.5,29.5
KDETNVK,507.64656,3,27.5,29.5
EGTTPKPK,515.65869,3,27.5,29.5
VTGGAASK,574.85561,2,27.6,29.6
KVDAGGK,454.62884,3,27.6,29.6
YKAEDEVQR,532.6313,3,27.7,29.7
SSVPGVR,465.78214,2,27.7,29.7
EEFEHQQK,511.60849,3,27.7,29.7
SDLYSSGR,557.29052,2,27.8,29.8
EMEEQMR,591.27824,2,27.8,29.8
QHVIDGEK,461.93806,3,27.8,29.8
EETKEDAEEK,632.34527,3,27.9,29.9
KVEQDTETK,589.0152,3,27.9,29.9
LGIHEDSTNR,457.57904,3,28,30
ATQASQEY,563.78253,2,28,30
KPAGATPK,486.32,3,28,30
ISGGNDK,574.83742,2,28,30
ATTATMATSGSAR,748.88245,2,28.1,30.1
AFHNEAQVNPER,547.61626,3,28.1,30.1
VSTEVDAR,553.30617,2,28.1,30.1
SSTAAQEVK,689.90075,2,28.1,30.1
ESKDPADETEAD,882.93062,2,28.1,30.1
KADGYNQPDSK,637.35773,3,28.2,30.2
QMADTGK,604.8391,2,28.2,30.2
EDIYSGGGGGGSR,720.84946,2,28.3,30.3
KYEEVAR,451.60279,3,28.3,30.3
KPAAAAGAK,491.32364,3,28.3,30.3
AQAYQTGK,662.8849,2,28.3,30.3
KPAAAAGAK,736.48182,2,28.3,30.3
DAASVDK,582.33725,2,28.4,30.4
ETNEPVK,637.87146,2,28.4,30.4
GGEQINK,602.35852,2,28.4,30.4
ISSPTETER,624.83529,2,28.5,30.5
ELTDEEAER,660.82767,2,28.5,30.5
EVYQQQQYGSGGR,864.92878,2,28.5,30.5
EAGGGGVGGPGAK,736.41709,2,28.5,30.5
KLEAAEER,468.61347,3,28.5,30.5
QDVDNASLAR,659.35164,2,28.6,30.6
VAPAQPSEEGPGR,762.40441,2,28.6,30.6
TVDGPSGK,609.85835,2,28.6,30.6
VNVGAGSHPNK,513.29988,3,28.6,30.6
SINNAEK,617.3638,2,28.6,30.6
GVKPQAK,472.31648,3,28.6,30.6
AQQELEEQTR,730.88076,2,28.7,30.7
KPEENPASK,563.00463,3,28.7,30.7
GEQQIQK,644.8849,2,28.7,30.7
YAEAVTR,519.7927,2,28.7,30.7
YKAEDEK,523.97456,3,28.8,30.8
KDISQNK,507.31855,3,28.8,30.8
GYADSPSK,641.85581,2,28.9,30.9
AMKDEEK,513.30028,3,28.9,30.9
EAEVQAK,616.86617,2,28.9,30.9
GLGDRPAPK,456.9503,3,28.9,30.9
ATAAGVK,538.34742,2,28.9,30.9
KAQQELEEQTR,606.67557,3,29,31
AYAQGISR,547.81142,2,29,31
SAPATGGVK,623.38199,2,29,31
EAEGSSAEYK,764.8984,2,29,31
DGGAWGTEQR,653.32289,2,29,31
DKDAVDK,493.29916,3,29,31
TVLSSAR,481.79524,2,29.1,31.1
SPEDLER,537.78507,2,29.1,31.1
HTGPNSPDTANDGFVR,638.64829,3,29.2,31.2
VSSAEGAAK,639.37691,2,29.2,31.2
DNMALQR,538.78963,2,29.2,31.2
DAASVEK,589.34507,2,29.2,31.2
GQDGIGSK,610.35597,2,29.2,31.2
AAQNISK,595.36888,2,29.2,31.2
EMDEEDK,677.33405,2,29.2,31.2
DKQPYEQK,575.00463,3,29.3,31.3
ATVEDEK,625.35564,2,29.3,31.3
EIEDPEDR,616.30383,2,29.3,31.3
AVEHINK,634.88998,2,29.4,31.4
GITEQQK,631.37945,2,29.4,31.4
KAEVEGK,483.30776,3,29.4,31.4
GPGPLQER,541.81142,2,29.4,31.4
EAAQEAVK,652.38473,2,29.5,31.5
KPVGAAK,453.30933,3,29.5,31.5
DAEDAVYGR,612.80654,2,29.6,31.6
EVYPEAR,546.79798,2,29.6,31.6
KPATSYVR,460.61855,3,29.7,31.7
KSSTPEEVK,564.6764,3,29.7,31.7
GQSEEIQK,688.89292,2,29.7,31.7
TAEAGGVTGK,674.89546,2,29.7,31.7
SNVSDAVAQSTR,732.38621,2,29.8,31.8
ISEQSDAK,668.37965,2,29.8,31.8
SLSDSESDDSK,814.40679,2,29.8,31.8
KGQSEEIQK,578.68367,3,29.8,31.8
EEEPVKK,515.98669,3,29.8,31.8
ETIGKGK,473.97613,3,29.8,31.8
KTSATVGPK,526.00608,3,29.9,31.9
GAVQSGVDK,659.89018,2,29.9,31.9
DKDPVNK,501.64304,3,29.9,31.9
SAAETVTK,632.87928,2,30,32
SESPKEPEQLR,586.66478,3,30,32
KGESGQSWPR,530.63152,3,30,32
ATMDAGK,576.32837,2,30,32
GAGSGELK,588.85307,2,30,32
STESLQANVQR,731.39658,2,30.1,32.1
QVHPDTGISSK,542.9787,3,30.1,32.1
EAAEQDVEK,738.90094,2,30.1,32.1
TPGPGAQSALR,642.3671,2,30.1,32.1
GVEEEEEDGEMRE,883.88304,2,30.2,32.2
ENTQTTIK,696.90857,2,30.2,32.2
AAVTPGKK,486.99189,3,30.2,32.2
GESPVDYDGGR,690.83328,2,30.3,32.3
KVAGAATPK,510.67093,3,30.3,32.3
GTESISK,590.3529,2,30.3,32.3
EIQTAVR,523.3138,2,30.4,32.4
SMPEQTGEK,732.89206,2,30.4,32.4
GEVAPDAK,622.86617,2,30.4,32.4
FEETTADGR,627.81182,2,30.5,32.5
NDEELNK,660.364,2,30.5,32.5
DYDDMSPR,614.2793,2,30.6,32.6
SHEAEVLK,457.60631,3,30.6,32.6
KPAAAGVK,476.98837,3,30.6,32.6
AAVTPGK,551.35525,2,30.6,32.6
RYDDPEVQK,536.6313,3,30.7,32.7
EAAEMGK,597.33365,2,30.7,32.7
INYTEGR,541.29561,2,30.8,32.8
GTFPDAR,496.77177,2,30.8,32.8
EAPAPPK,584.36053,2,30.8,32.8
EEASGSSVTAEEAK,618.32286,3,30.9,32.9
ESFDGSVR,563.29052,2,30.9,32.9
AAPAVQTK,622.39236,2,30.9,32.9
MGANSLER,553.79492,2,30.9,32.9
NAESNAELK,717.40365,2,30.9,32.9
YASENVNK,691.88764,2,30.9,32.9
EMGTPDVR,567.29475,2,31,33
HLTGEFEK,473.60631,3,31,33
LQNDAQLR,593.84071,2,31,33
AAEDDEDDDVDTKK,751.71609,3,31.1,33.1
EIEVGGGR,523.29561,2,31.1,33.1
AGFAGDDAPR,603.30925,2,31.1,33.1
DGDGTITTK,683.38493,2,31.1,33.1
AIQMASR,503.28927,2,31.1,33.1
DPSAVAK,573.35016,2,31.1,33.1
AVTTPGK,566.36053,2,31.2,33.2
STAGDTHLGGEDFDNR,640.96769,3,31.3,33.3
QEYDESGPSIVHR,582.62672,3,31.3,33.3
DMEESIR,554.77893,2,31.3,33.3
LGGAGMER,510.2789,2,31.3,33.3
MKDTDSEEEIR,604.31342,3,31.4,33.4
ETIEQEK,667.88202,2,31.4,33.4
EGQEDQGLTK,781.92495,2,31.4,33.4
EYVEHTVK,488.28172,3,31.4,33.4
SKGQESFK,533.32207,3,31.4,33.4
GAVAEDGDELR,680.84893,2,31.5,33.5
DAVTYTEHAK,531.62766,3,31.5,33.5
AADEVAEGK,674.37965,2,31.5,33.5
VEKPDTK,501.98317,3,31.5,33.5
SSQPLASK,638.38727,2,31.6,33.6
EKVESELR,483.28887,3,31.6,33.6
KDDEVQVVR,515.97154,3,31.6,33.6
GSGGFGSTGK,656.86671,2,31.6,33.6
ITDSEDK,633.3531,2,31.6,33.6
TQAPAVATT,544.81109,2,31.6,33.6
KITAASK,469.31637,3,31.6,33.6
KVQSGNINAAK,606.37858,3,31.7,33.7
MMMQSGR,535.26134,2,31.7,33.7
DDEVQVVR,594.82473,2,31.7,33.7
GTGASGSFK,635.3638,2,31.8,33.8
ETAQALK,609.87654,2,31.8,33.8
LDSEDKDK,546.31688,3,31.8,33.8
LQSIGTENTEENRR,625.99558,3,31.9,33.9
ALSTGEK,582.35544,2,31.9,33.9
SVTEQGAELSNEER,593.29703,3,32,34
SVEETLR,531.80327,2,32,34
SVDEALR,509.79016,2,32,34
SVTEQGAELSNEER,889.44191,2,32.1,34.1
GPAYGLSR,525.30069,2,32.1,34.1
YEITEQR,584.314,2,32.1,34.1
MQPASAK,616.8573,2,32.1,34.1
KGDSSAEELK,584.34331,3,32.2,34.2
TEADVNPK,687.38747,2,32.2,34.2
EIQVQHPAAK,526.98378,3,32.2,34.2
DPGVLDR,500.78488,2,32.2,34.2
AVTEQGAELSNEER,881.44446,2,32.3,34.3
EDTEEYNLR,699.34094,2,32.3,34.3
EKYEITEQR,551.97859,3,32.3,34.3
NSTWSGESK,727.388,2,32.3,34.3
GAGSVFR,461.76903,2,32.3,34.3
KLEDGPK,491.97965,3,32.3,34.3
ATAGDTHLGGEDFDNR,635.63605,3,32.4,34.4
ATEEQLK,638.87928,2,32.4,34.4
VLENAEGAR,594.33272,2,32.4,34.4
LATATGAK,595.87909,2,32.4,34.4
AYEKPPEK,550.33409,3,32.4,34.4
SLESINSR,567.81945,2,32.5,34.5
LAEEENK,645.86891,2,32.5,34.5
GMGTVQK,589.85201,2,32.5,34.5
ALAGNPK,564.8607,2,32.5,34.5
KGTVVAEK,506.99893,3,32.5,34.5
DSYVGDEAQSK,828.92769,2,32.6,34.6
DSYVGDEAQSK,552.95422,3,32.6,34.6
ELSEQIQR,616.34583,2,32.6,34.6
VDNDENEHQLSLR,599.96914,3,32.7,34.7
AVADAIR,472.78996,2,32.7,34.7
NKEEAAEYAK,614.01883,3,32.7,34.7
SVSDYDGK,664.85855,2,32.7,34.7
LAGESESNLR,652.85402,2,32.7,34.7
ASYGVSK,585.35016,2,32.7,34.7
MVNDAEK,632.85221,2,32.7,34.7
GILNGQK,594.37925,2,32.7,34.7
EGLQNMEAR,638.82949,2,32.8,34.8
YRPGTVALR,631.38255,2,32.8,34.8
TAVAPIER,543.32945,2,32.8,34.8
GTSSFGK,571.33451,2,32.8,34.8
AAFNSGK,576.8425,2,32.8,34.8
ATVVESSEK,704.4084,2,32.9,34.9
LQEETGAK,667.39001,2,32.9,34.9
EKEELMER,507.94975,3,32.9,34.9
GTDSQAMEEEKPEGHV,734.69648,3,32.9,34.9
ALTQTGGPHVK,522.98378,3,33,35
GANPVEIR,542.81925,2,33,35
KDDTDDEIAK,613.01011,3,33,35
QASEGPLK,644.38727,2,33,35
SDEMNVK,640.84967,2,33,35
VDIAEGR,494.78488,2,33,35
MGPAIER,501.78382,2,33,35
AMQGLTGR,531.8,2,33.1,35.1
DGYDYDGYR,676.80145,2,33.1,35.1
KGESQTDIEITR,612.34734,3,33.2,35.2
SEGFDTYR,602.2958,2,33.2,35.2
DLEGSDIDTR,675.34094,2,33.2,35.2
KAEAQIAAK,539.6816,3,33.2,35.2
KYEEIDNAPEER,651.01061,3,33.3,35.3
DDPSTIEK,681.87948,2,33.3,35.3
VMTDESGK,662.86277,2,33.3,35.3
GIWHNDNK,481.26992,3,33.3,35.3
ELEVQHPAAK,527.31179,3,33.3,35.3
LKEEAEK,511.98669,3,33.3,35.3
MEVKPPPGRPQPDSGR,750.0806,3,33.5,35.5
DNNLLGR,515.79577,2,33.5,35.5
DETNYGIPQR,711.36475,2,33.5,35.5
DYNVTANSK,735.40365,2,33.5,35.5
GGAGVGSMTK,661.87876,2,33.5,35.5
AAVDYQK,626.86872,2,33.5,35.5
ETEGDVTSVK,761.92187,2,33.6,35.6
AAQASDLEK,695.90075,2,33.6,35.6
AQVIYTR,540.32417,2,33.6,35.6
VDEEQMK,668.86277,2,33.6,35.6
GAFGKPQGTVAR,549.66293,3,33.7,35.7
AAQEEYVK,698.39784,2,33.7,35.7
GADINAPDK,679.88764,2,33.7,35.7
IANPVEGSSGR,658.36201,2,33.8,35.8
DAIAQAVR,536.81925,2,33.8,35.8
ANPFGGASHAK,505.62084,3,33.8,35.8
QQYESVAAK,741.42184,2,33.8,35.8
MVQEAEK,646.86786,2,33.8,35.8
EDQTEYLEER,770.87006,2,33.9,35.9
EATDAIGHLDR,476.25444,3,33.9,35.9
GSTPYGGVK,662.38727,2,33.9,35.9
APNVVVTR,542.83744,2,33.9,35.9
ANLNALDR,558.32216,2,33.9,35.9
ALLQSSASR,581.34309,2,34,36
EVEEDEYK,749.8875,2,34,36
LYAVHQEGNK,539.64354,3,34,36
GGPLDGTYR,582.81416,2,34,36
DGVTVAK,574.35799,2,34,36
ITITNDQNR,652.36201,2,34.1,36.1
AGELTEDEVER,738.87261,2,34.2,36.2
SLQSVAEER,624.34329,2,34.2,36.2
GPPPSWGR,541.80086,2,34.2,36.2
GHLENNPALEK,560.65421,3,34.2,36.2
GTVEPQLEAR,664.87221,2,34.2,36.2
KFAETQPK,546.00608,3,34.2,36.2
AFEDEKK,518.64292,3,34.2,36.2
ADKDYHFK,570.99759,3,34.3,36.3
WQDEDGKK,564.98898,3,34.3,36.3
ETADAITK,653.88456,2,34.3,36.3
KGAAIPAK,481.66025,3,34.3,36.3
KLLEGEESR,506.96791,3,34.4,36.4
DAAEAIK,588.35544,2,34.4,36.4
LQSEPESIR,644.35894,2,34.4,36.4
GSSNSYAIK,692.89546,2,34.5,36.5
EKNPDMVAGEK,635.69547,3,34.5,36.5
AMQDAEVSK,718.89461,2,34.5,36.5
SPPPGMGLNQNR,748.89569,2,34.6,36.6
MYSYPAR,558.7891,2,34.6,36.6
QMSGAQIK,660.88913,2,34.6,36.6
EHGAFDAVK,477.93806,3,34.6,36.6
KEDMTYAVR,524.29363,3,34.7,36.7
GKDSLYAQGK,585.35203,3,34.7,36.7
KLELSDNR,478.28898,3,34.7,36.7
VTLTSEEEAR,682.36696,2,34.8,36.8
AAPGAEFAPNKR,562.99457,3,34.8,36.8
KLELSENR,482.96087,3,34.8,36.8
NTTIPTK,616.88437,2,34.8,36.8
AGIIASAR,494.31106,2,34.9,36.9
AENYDIPSADR,740.36749,2,34.9,36.9
GEEILSGAQR,644.85656,2,34.9,36.9
GVNTFSPEGR,646.84345,2,34.9,36.9
KDGADFAK,513.64304,3,34.9,36.9
ASEELQK,652.87674,2,35,37
IANPVEGSTDR,694.37258,2,35,37
GQPDEELKPK,610.03096,3,35,37
AQLGGPEAAK,700.41911,2,35,37
ATLSSIR,488.80307,2,35.1,37.1
YKPESEELTAER,637.34723,3,35.1,37.1
AYGELPEHAK,524.96439,3,35.1,37.1
RPQYSNPPVQGEVMEGADNQGAGEQGR,1034.16165,3,35.1,37.1
DVNQQEFVR,682.36201,2,35.2,37.2
RFPGYDSESK,548.6313,3,35.2,37.2
KPNEGADGQWK,639.69809,3,35.2,37.2
DALTAEK,603.36073,2,35.2,37.2
EMLQQSK,661.38113,2,35.2,37.2
GAAIPAK,543.35779,2,35.2,37.2
QIDNPDYK,725.90075,2,35.3,37.3
HQGVMVGMGQK,543.97049,3,35.3,37.3
QAGPASVPLR,612.86673,2,35.3,37.3
KVGDDIAK,511.65869,3,35.3,37.3
IYEDGDDDMKR,605.63801,3,35.4,37.4
EAESSPFVER,690.35385,2,35.4,37.4
EAGGAFGK,597.84778,2,35.4,37.4
VEQATKPSFESGR,632.01933,3,35.5,37.5
EGVHGGLINK,494.63286,3,35.5,37.5
GTLVQTK,602.88691,2,35.5,37.5
DLLAQAR,508.30852,2,35.5,37.5
KVTAAMGK,498.32113,3,35.5,37.5
LSKEEIER,487.96075,3,35.5,37.5
LEKEAVK,501.9953,3,35.5,37.5
LGVIEDHSNR,456.91928,3,35.6,37.6
VPVHDVTDASK,542.64695,3,35.6,37.6
ESTAEKDEL,740.40077,2,35.6,37.6
GGGQIIPTAR,599.85891,2,35.6,37.6
HLIPAANTGESK,565.99798,3,35.7,37.7
EVQTNDLK,702.90857,2,35.7,37.7
DSLYAQGK,670.38473,2,35.7,37.7
VAEIEHAEK,495.28887,3,35.7,37.7
AYTNFDAER,658.32764,2,35.7,37.7
TAAESFK,606.35544,2,35.7,37.7
DGADFAK,591.33197,2,35.7,37.7
LQSIGTENTEENR,860.43917,2,35.8,37.8
EKIETELR,492.63264,3,35.8,37.8
DTYIENEK,735.39804,2,35.8,37.8
KLNVTEQEK,592.69932,3,35.9,37.9
YKEETIEK,576.34465,3,35.9,37.9
ITPEEAK,623.37638,2,35.9,37.9
MYEEHLK,469.9284,3,35.9,37.9
FKDPNAPK,535.33068,3,35.9,37.9
MVPTSDK,618.35713,2,35.9,37.9
KDEEVLK,516.65857,3,35.9,37.9
LLEGEESR,581.31928,2,36,38
LSYNTASNK,728.41402,2,36,38
DITSDTSGDFR,721.85167,2,36,38
FAETQPK,639.87654,2,36,38
LGNDFHTNK,501.94885,3,36,38
ETAENYLGHTAK,597.99289,3,36.1,38.1
ETIMNQEK,725.90243,2,36.1,38.1
AQAAAPASVPAQAPK,612.6963,3,36.2,38.2
GSAPPGPVPEGSIR,775.43042,2,36.2,38.2
VGGTSDVEVNEK,564.64538,3,36.2,38.2
VGGTSDVEVNEK,846.46444,2,36.2,38.2
DQVANSAFVER,732.88585,2,36.3,38.3
TPVEPEVAIHR,492.95058,3,36.3,38.3
TVGVEPAADGK,751.43495,2,36.3,38.3
AVDFAER,518.78488,2,36.3,38.3
EPSEVPTPK,721.41877,2,36.3,38.3
SGYLAGDK,634.86617,2,36.3,38.3
GTVVTGTLER,631.3693,2,36.4,38.4
ESIESEIR,596.32456,2,36.4,38.4
SAINEVVTR,609.3562,2,36.4,38.4
QVDQLTNDK,759.93003,2,36.4,38.4
SAVEDEGLK,703.40058,2,36.4,38.4
KAYGQALAK,546.34996,3,36.4,38.4
EHYVDLK,454.59916,3,36.4,38.4
EQVANSAFVER,739.89367,2,36.5,38.5
EAMEDGEIDGNK,883.43756,2,36.5,38.5
AAQLAIR,486.3136,2,36.5,38.5
VYEGERPLTK,550.65908,3,36.5,38.5
SQDIYLR,562.31908,2,36.5,38.5
LQDAEIAR,572.82981,2,36.5,38.5
SQKPVMVK,535.34393,3,36.5,38.5
EAMEDGEIDGNK,589.29413,3,36.6,38.6
SDLNQGAWAR,673.85435,2,36.6,38.6
HTLNQIDSVK,538.31894,3,36.6,38.6
TDYNASVSVPDSSGPER,1005.48431,2,36.7,38.7
GGGHVAQIYAIR,490.9508,3,36.7,38.7
STTTGHLIYK,526.98004,3,36.7,38.7
AELDDTPMR,638.82387,2,36.7,38.7
KVVVSPTK,515.68294,3,36.7,38.7
AFEEAEK,641.35818,2,36.7,38.7
VNKPPYPK,544.01469,3,36.7,38.7
VITEEEK,653.38694,2,36.8,38.8
SEHPGLSIGDTAK,590.66478,3,36.8,38.8
LLEGEEER,602.32456,2,36.8,38.8
LVEVDSGR,552.31654,2,36.8,38.8
LTSDDVK,618.36601,2,36.8,38.8
GASQAGMTGYGMPR,806.89229,2,36.9,38.9
EALLQASR,558.83236,2,36.9,38.9
SLDALGIDSR,638.35894,2,36.9,38.9
AEDGENYDIK,806.41696,2,36.9,38.9
GYSFTTTAER,681.34857,2,37,39
DLDELSR,538.7929,2,37,39
ALPSEELNR,629.35365,2,37,39
IEGVYAR,518.80307,2,37,39
IDVGEAEPR,607.83255,2,37,39
KGEDFVK,503.97965,3,37,39
GGGGNFGPGPGSNFR,803.89982,2,37.1,39.1
GGGGNFGPGPGSNFR,536.26897,3,37.1,39.1
VVDRDSEEAEIIR,587.31777,3,37.1,39.1
ATVQQLEGR,636.8591,2,37.1,39.1
VTDALNATR,595.34055,2,37.1,39.1
GKEDALVTK,550.01313,3,37.1,39.1
SQAEFEK,669.86891,2,37.2,39.2
VTQDELK,645.88711,2,37.2,39.2
DLGEEHFK,478.26607,3,37.2,39.2
IAGQVAAANK,700.93492,2,37.2,39.2
FYGDEEKDK,606.6678,3,37.3,39.3
HQEGEIFDTEK,597.64902,3,37.3,39.3
AADAEAEVASLNR,773.40715,2,37.4,39.4
LLADQAEAR,608.34837,2,37.4,39.4
MPSGEFAR,562.29201,2,37.4,39.4
EDLTEIR,552.80855,2,37.4,39.4
GEFVTTVQQR,697.38549,2,37.5,39.5
AWAGSPK,587.85287,2,37.5,39.5
SETAPAAPAAPAPAEK,990.04613,2,37.6,39.6
EDKYEEEIK,624.01861,3,37.6,39.6
SKEYFSK,525.98317,3,37.6,39.6
VKLPSGSK,501.66729,3,37.6,39.6
SETAPAAPAAPAPAEK,660.36651,3,37.7,39.7
IGHPAPNFK,480.29055,3,37.7,39.7
GVQVETISPGDGR,772.41751,2,37.8,39.8
RPAEDMEEEQAFK,680.01537,3,37.8,39.8
EFHLNESGDPSSK,635.66333,3,37.8,39.8
GGSGSGPTIEEVD,717.35151,2,37.8,39.8
TKPIWTR,453.95528,3,37.8,39.8
ALVATPGKK,524.68658,3,37.9,39.9
NPADLPK,606.87126,2,37.9,39.9
GDATVSYEDPPTAK,637.00335,3,38,40
ASGNYATVISHNPETK,716.38808,3,38,40
MQASIEK,632.8704,2,38,40
ASSDIQVK,674.39784,2,38,40
EPMQTGIK,681.39678,2,38,40
AAVVVSK,566.37872,2,38,40
LNVTEQEK,709.9164,2,38.1,40.1
ADEGISFR,562.30089,2,38.1,40.1
IDEPLEGSEDR,744.87261,2,38.2,40.2
ELGTVMR,517.79693,2,38.2,40.2
ALELEQER,608.84038,2,38.2,40.2
SLGTADVHFER,487.59469,3,38.2,40.2
LSDLDSETR,632.83275,2,38.2,40.2
GMGTALK,568.34911,2,38.2,40.2
IEVGAEK,602.37109,2,38.2,40.2
AVVGVVAGGGR,585.86145,2,38.3,40.3
ALEENNNFSK,812.44077,2,38.3,40.3
GGDLMAYDR,613.80548,2,38.3,40.3
IDDVVNTR,580.82727,2,38.3,40.3
VVEVGSK,588.37364,2,38.3,40.3
VVTDTDETELAR,789.41464,2,38.4,40.4
GGNFGFGDSR,621.80687,2,38.4,40.4
GSAITGPVAK,679.92402,2,38.4,40.4
NIGVDNPAAK,728.92984,2,38.4,40.4
LAQYESK,648.88182,2,38.4,40.4
HFELGGDK,454.25902,3,38.4,40.4
LTIAEER,530.81363,2,38.5,40.5
AYGQALAK,640.39236,2,38.5,40.5
FSTPEQAAK,718.91111,2,38.5,40.5
DTAAWTVGR,603.32744,2,38.5,40.5
AHSIQIMK,462.61615,3,38.5,40.5
SNYNLPMHK,521.29022,3,38.5,40.5
KDEDLFR,460.93443,3,38.5,40.5
AENQVLAMR,630.85022,2,38.6,40.6
GSGTAEVELK,724.92168,2,38.7,40.7
TVSLGAGAK,631.39764,2,38.7,40.7
EATNPPVIQEEKPK,756.44532,3,38.7,40.7
KPALVAK,471.99686,3,38.7,40.7
SKIETEIK,545.68138,3,38.7,40.7
QHYIDLK,458.94304,3,38.7,40.7
AALLTER,501.81089,2,38.7,40.7
ELVLDNSR,587.8351,2,38.8,40.8
NFSDNQLQEGK,869.46223,2,38.8,40.8
ADYEIASK,677.88456,2,38.8,40.8
YHPGYFGK,476.26763,3,38.8,40.8
GSDSLIK,589.36327,2,38.8,40.8
HYGGLTGLNK,506.63286,3,38.9,40.9
VGEFSGANK,683.89018,2,38.9,40.9
GPSSVEDIK,695.40312,2,38.9,40.9
AEVSELK,617.37638,2,38.9,40.9
KLGDALK,477.98825,3,38.9,40.9
AGGAAVVITEPEHTK,646.70687,3,39,41
VLNTNIDGR,615.85382,2,39,41
DNIQGITK,673.90583,2,39,41
QAVDVSPLR,607.35874,2,39,41
YAISMAR,520.79165,2,39,41
STLEPVEK,680.90804,2,39,41
EALQDVEDENQ,759.85969,2,39,41
ISAVSVAER,580.84546,2,39,41
EGVMVAK,596.36221,2,39,41
SIEVIENR,594.84292,2,39.1,41.1
HFMLQIALK,520.32297,3,39.1,41.1
GAEAANVTGPGGVPVQGSK,718.73548,3,39.2,41.2
VEILANDQGNR,729.39912,2,39.2,41.2
YYPTEDVPR,684.85349,2,39.2,41.2
LAPEYEAAATR,710.88532,2,39.2,41.2
GGIVSQVK,623.40018,2,39.2,41.2
TIIQNPTDQQK,582.00502,3,39.2,41.2
KGVITVK,478.00038,3,39.2,41.2
ETGVDLTK,660.89239,2,39.2,41.2
MTPSYEIR,613.32605,2,39.2,41.2
NLQTVNVDEN,687.85676,2,39.2,41.2
IIAPPER,512.82126,2,39.2,41.2
AAEVLNK,601.87909,2,39.3,41.3
IGVITNR,501.31889,2,39.3,41.3
MEGVEEK,661.35732,2,39.3,41.3
KIESFGSK,528.33057,3,39.3,41.3
EGNPEEDLTADK,888.45681,2,39.4,41.4
APGIIPR,476.8107,2,39.4,41.4
ELSGTIK,603.37892,2,39.5,41.5
NTDEMVELR,668.34243,2,39.5,41.5
HLQLAIR,540.34798,2,39.5,41.5
AVVIVDDR,558.33473,2,39.6,41.6
LDPITGR,500.80307,2,39.6,41.6
ELSEALTR,574.32965,2,39.6,41.6
VSDYEMK,665.35987,2,39.6,41.6
LELQGPR,521.31634,2,39.7,41.7
AEPVEVVAPR,648.37967,2,39.7,41.7
ELAQQIQK,708.43476,2,39.7,41.7
SMIEISR,532.80221,2,39.7,41.7
SLDEMEK,655.35732,2,39.7,41.7
VIADNVK,608.88691,2,39.7,41.7
ANAQAAALYK,739.9402,2,39.8,41.8
VSSFEEK,642.36601,2,39.8,41.8
VINEEYK,676.89493,2,39.8,41.8
VVPGYGHAVLR,466.28026,3,39.9,41.9
HFVALSTNTTK,559.66271,3,39.9,41.9
GTTAVLTEK,689.42131,2,39.9,41.9
IASDGLK,581.36581,2,39.9,41.9
DGLEMEK,640.35204,2,39.9,41.9
AVELAANTK,687.92148,2,40,42
VEQLGAEGNVEESQK,692.37221,3,40,42
TGYTLDVTTGQR,770.91206,2,40,42
ILNDVQDR,601.34055,2,40,42
LKEEISK,511.99882,3,40,42
DTLYEAVR,598.32965,2,40.1,42.1
MINTDLSR,589.82367,2,40.1,42.1
ESEAVEWQQK,846.45387,2,40.1,42.1
LTQDQDVDVK,809.95625,2,40.1,42.1
GKFEDMAK,538.31604,3,40.1,42.1
KVEDMMK,523.31001,3,40.1,42.1
QVFGEATK,669.3951,2,40.1,42.1
KLDPGSEETQTLVR,677.72106,3,40.2,42.2
LTPEELER,608.34275,2,40.2,42.2
GGVVGIK,544.36561,2,40.2,42.2
GTLDPVEK,658.89493,2,40.3,42.3
ALVATPGK,607.89728,2,40.3,42.3
DVVQAYPEVR,702.88786,2,40.3,42.3
SKFDEMAK,548.31956,3,40.3,42.3
AVGPEITK,636.90002,2,40.3,42.3
VPVPEDK,621.37892,2,40.3,42.3
VAIEHLDK,461.61844,3,40.4,42.4
DGIVLGADTR,623.35365,2,40.4,42.4
ATEGMVVADK,739.91808,2,40.4,42.4
VVLDSPR,507.81089,2,40.4,42.4
DLEAEHVEVEDTTLNR,700.35332,3,40.5,42.5
IASNAGSIA,516.79798,2,40.5,42.5
YFSEADK,659.35818,2,40.5,42.5
SSSISSFK,650.87928,2,40.6,42.6
IVQAEGEAEAAK,837.47735,2,40.6,42.6
YESLTDPSK,499.94488,3,40.6,42.6
DYPLASK,626.37109,2,40.6,42.6
KAEAGAGSATEFQFR,676.702,3,40.7,42.7
SLYASSPGGVYATR,829.44099,2,40.7,42.7
YESLTDPSK,749.41369,2,40.7,42.7
MIYASSK,629.3675,2,40.7,42.7
MGESDDSILR,676.33989,2,40.8,42.8
GGEIQPVSVK,736.44786,2,40.8,42.8
VEEIAASK,652.89493,2,40.8,42.8
ILAEGGGAK,637.39764,2,40.8,42.8
VGTVIGSNK,666.9162,2,40.8,42.8
IQFKPDDGTTPER,654.69474,3,40.8,42.8
SLDQQIK,645.3951,2,40.8,42.8
SDAAVDTSSEITTK,963.00941,2,40.9,42.9
AAIISAEGDSK,760.44023,2,40.9,42.9
DLPEHAVLK,493.96936,3,40.9,42.9
IFVNDDR,554.30343,2,40.9,42.9
DNSTMGYMAAK,823.91775,2,41,43
AIASSLK,574.37618,2,41,43
GETDLIQK,681.40566,2,41,43
TPAQYDASELK,840.96407,2,41.1,43.1
ALAPEYAK,660.90002,2,41.1,43.1
AGEVFIHK,453.6114,3,41.1,43.1
VVSSIEQK,674.41603,2,41.2,43.2
ITITNDK,631.88965,2,41.2,43.2
IQEAGTEVVK,766.45843,2,41.2,43.2
GISQEQMQEFR,791.39827,2,41.2,43.2
FVETPGQK,682.40292,2,41.2,43.2
DNNLLGK,616.37417,2,41.2,43.2
KADIDLTK,531.00597,3,41.2,43.2
ALTSELANAR,637.86693,2,41.3,43.3
EEAENTLQSFR,776.89387,2,41.3,43.3
ISDSEGFK,670.87674,2,41.3,43.3
EYTINIHK,492.6256,3,41.3,43.3
HIYYITGETK,561.65544,3,41.3,43.3
GGAEQFMEETER,806.87736,2,41.3,43.3
LTDADAMK,661.87314,2,41.3,43.3
EIVSGMK,611.3675,2,41.3,43.3
ELAEDGYSGVEVR,826.92009,2,41.4,43.4
GISEETTTGVHNLYK,703.0527,3,41.4,43.4
RFEELGVK,479.29396,3,41.4,43.4
RFDDAVVQSDMK,623.66953,3,41.4,43.4
GVTIPYRPK,496.9816,3,41.4,43.4
ADLAEEYSK,742.40586,2,41.4,43.4
GDDLQAIK,659.39256,2,41.4,43.4
EQISDIDDAVR,745.38842,2,41.5,43.5
GGSDDSSKDPIDVNYEK,838.43733,3,41.5,43.5
LQEEMLQR,638.35006,2,41.5,43.5
NLDIERPTYTNLNR,650.01984,3,41.6,43.6
AMVASGSELGK,754.43136,2,41.6,43.6
SEMTPEELQK,825.44466,2,41.6,43.6
AAVPSIK,572.37872,2,41.6,43.6
FLEQQNK,682.90055,2,41.6,43.6
GLSEDTTEETLK,890.98266,2,41.7,43.7
GNLANVIR,543.33507,2,41.7,43.7
DGYNYTLSK,759.91385,2,41.7,43.7
FQTMEEK,685.87314,2,41.7,43.7
EQIYDVYR,657.8482,2,41.7,43.7
ASLPGVK,565.3709,2,41.7,43.7
VAFSVAR,489.80033,2,41.8,43.8
VYNYNHLMPTR,546.28709,3,41.8,43.8
LAQFEPSQR,652.86165,2,41.8,43.8
VSISEGDDKIEYR,657.02626,3,41.9,43.9
AHSSMVGVNLPQK,609.35014,3,41.9,43.9
AEIIADK,609.37892,2,41.9,43.9
GMGYMPK,621.34297,2,41.9,43.9
VGLIAAR,464.8107,2,42,44
SGKPAELLK,544.02174,3,42,44
AYLQQLR,560.83744,2,42,44
DNIQGITKPAIR,595.36466,3,42.1,44.1
EFSGNPIK,675.3951,2,42.1,44.1
VPPPPPIAR,586.87129,2,42.1,44.1
GIIDPTK,601.38146,2,42.1,44.1
EFGTNIK,633.87654,2,42.1,44.1
TGIGGMLR,517.30492,2,42.1,44.1
LAYIAHPK,457.62353,3,42.1,44.1
MVINHLEK,481.29156,3,42.2,44.2
LIGDAAK,573.36835,2,42.2,44.2
HWGGNVLGPK,508.30133,3,42.2,44.2
MAQFDAK,634.8573,2,42.2,44.2
LIEVDDER,609.33239,2,42.3,44.3
EAVAMESYAK,778.92336,2,42.3,44.3
EVSTYIK,649.39202,2,42.3,44.3
GATQQILDEAER,780.41497,2,42.3,44.3
AAGLALK,551.37344,2,42.3,44.3
GDYPLEAVR,624.84292,2,42.4,44.4
ALQASALK,630.40801,2,42.4,44.4
KEEELQAALAR,572.67338,3,42.4,44.4
LAHEVGWK,466.61503,3,42.4,44.4
IVADKDYSVTANSK,733.42604,3,42.5,44.5
GEHPGLSIGDVAK,580.0015,3,42.5,44.5
KMPFTEK,523.32102,3,42.5,44.5
QWGWTQGR,624.32777,2,42.6,44.6
HIMGQNVADYMR,555.27972,3,42.6,44.6
VAPAPAVVK,655.43403,2,42.6,44.6
VPAGLEK,586.37618,2,42.6,44.6
FAAATGATPIAGR,716.90913,2,42.7,44.7
DLYDAGVK,669.88711,2,42.7,44.7
EETQPPVALK,785.46625,2,42.7,44.7
LGLDYEER,612.3271,2,42.7,44.7
SQIHDIVLVGGSTR,570.99485,3,42.8,44.8
VATVSLPR,536.33982,2,42.8,44.8
ILLSSGR,487.81344,2,42.8,44.8
EAIEGTYIDKK,652.05365,3,42.8,44.8
VEYSEEELK,792.43207,2,42.8,44.8
DVMPEVNK,695.39424,2,42.8,44.8
EDMAALEK,682.87842,2,42.8,44.8
EQIVPKPEEEVAQK,771.12072,3,42.9,44.9
AVDDGVNTFK,762.42713,2,42.9,44.9
SSGPYGGGGQYFAK,917.48042,2,43,45
SSGPYGGGGQYFAK,611.98937,3,43,45
YSLDPENPTK,811.44552,2,43,45
EIAENALGK,701.91894,2,43,45
TLLSDPTYR,647.86385,2,43,45
DGLILTSR,552.33473,2,43,45
VEFMDDTSR,664.82133,2,43.1,45.1
YIDQEELNK,805.44552,2,43.1,45.1
QMVETELK,718.41517,2,43.1,45.1
DPEEIEKEEQAAAEK,801.76679,3,43.2,45.2
VELQELNDR,672.86967,2,43.2,45.2
EAPPMEKPEVVK,681.07054,3,43.2,45.2
SLVSVTK,596.38929,2,43.2,45.2
EKLEMEMEAAR,598.98799,3,43.2,45.2
YLSEVASGDNK,547.63471,3,43.2,45.2
YALTGDEVK,727.41877,2,43.2,45.2
LSVDYGK,620.37109,2,43.2,45.2
GPLATGGIK,636.40801,2,43.2,45.2
TPAQFDADELR,746.38568,2,43.2,45.2
VELSQLR,537.32945,2,43.2,45.2
QTATQLLK,680.93185,2,43.2,45.2
APSVPAAEPEYPK,605.34152,3,43.2,45.2
QVLEPSFR,602.84801,2,43.2,45.2
MLAEDELR,603.32351,2,43.3,45.3
ADILEDKDGK,597.68708,3,43.3,45.3
AEAGAGSATEFQFR,835.92042,2,43.4,45.4
FADLSEAANR,661.84874,2,43.4,45.4
SEMEVQDAELK,868.96067,2,43.4,45.4
STELLIR,530.83183,2,43.5,45.5
AGNLGGGVVTIER,736.42514,2,43.5,45.5
IVEMSTSK,676.89662,2,43.5,45.5
AVFVSEGK,647.89219,2,43.5,45.5
ALAAGGYDVEK,776.44278,2,43.5,45.5
IIEDQQESLNK,592.33655,3,43.5,45.5
IIEDQQESLNK,888.00119,2,43.5,45.5
FLNAENAQK,746.92984,2,43.5,45.5
DVAYQYVK,722.41603,2,43.5,45.5
LVIEEAER,594.3453,2,43.5,45.5
TFLVGER,525.81089,2,43.5,45.5
KGDIVDIK,525.67434,3,43.5,45.5
AAAAAAALQAK,707.94275,2,43.6,45.6
ISQLEMAR,588.83404,2,43.6,45.6
NDLAVVDVR,615.3562,2,43.6,45.6
FIDTTSK,635.37638,2,43.6,45.6
LVPQQLAH,567.84527,2,43.6,45.6
IEEELGSK,681.89767,2,43.7,45.7
AAAAAAALQAK,472.29759,3,43.7,45.7
TPVPSDIDISR,714.89843,2,43.7,45.7
GEENLMDAQVK,846.45556,2,43.7,45.7
TIGISVDPR,593.85329,2,43.7,45.7
TLLVADPR,557.3451,2,43.7,45.7
EGLELPEDEEEKK,744.74532,3,43.8,45.8
VVLIGGKPDR,504.66064,3,43.8,45.8
TLVSVTK,603.39711,2,43.8,45.8
EAESLIAK,659.90276,2,43.8,45.8
DGVVEITGK,688.41349,2,43.8,45.8
QPTIFQNK,717.42947,2,43.8,45.8
EIAQDFK,654.88182,2,43.8,45.8
VLEVNPQNK,749.95331,2,43.8,45.8
GMLPDPK,608.36221,2,43.8,45.8
GALALEEK,644.89747,2,43.9,45.9
IGKPAPDFK,554.01821,3,43.9,45.9
VHSFPTLK,462.95516,3,43.9,45.9
VMLYPSR,547.81512,2,43.9,45.9
HNDDEQYAWESSAGGSFTVR,829.04544,3,44,46
GVAINMVTEEDKR,640.69234,3,44,46
TLSDYNIQK,770.44278,2,44,46
TLSDYNIQK,513.96428,3,44,46
GSDQAIITLR,651.88258,2,44,46
AVLGEVK,587.384,2,44,46
KEVGMIDGK,555.33885,3,44,46
GYDVIAQAQSGTGK,618.34382,3,44.1,46.1
VNVPVIGGHAGK,535.99954,3,44.1,46.1
VVFEQTK,654.90002,2,44.1,46.1
VLVDMSR,524.80475,2,44.2,46.2
SDKPDMAEIEK,996.54996,2,44.2,46.2
SDKPDMAEIEK,664.7024,3,44.2,46.2
APIIAVTR,535.35019,2,44.2,46.2
EFTEAVEAK,741.41623,2,44.2,46.2
ELALQPK,628.90256,2,44.2,46.2
DFTVSAMHGDMDQK,680.66921,3,44.3,46.3
VLTPTQVK,672.43677,2,44.3,46.3
ADGYEPPVQESV,760.37752,2,44.3,46.3
SLLNKPK,765.00513,2,44.3,46.3
MDDREDLVYQAK,992.01651,2,44.4,46.4
EILSEVER,602.34275,2,44.4,46.4
TLETVPLER,643.8795,2,44.4,46.4
SADFTNFDPR,699.84619,2,44.5,46.5
EQLAALK,615.89474,2,44.5,46.5
LPEGDLGK,643.88965,2,44.5,46.5
GSVSDEEMMELR,806.38143,2,44.6,46.6
EAAENSLVAYK,826.96662,2,44.6,46.6
MDKNELVQK,917.5392,2,44.6,46.6
EAAENSLVAYK,551.64684,3,44.6,46.6
SDQDYILK,720.41095,2,44.6,46.6
FEPYANPTK,762.92676,2,44.6,46.6
QFVTATDVVR,682.8904,2,44.6,46.6
VTVDEIEK,695.91332,2,44.6,46.6
DVFRDPALK,506.97299,3,44.6,46.6
AKHDELTYF,527.96075,3,44.6,46.6
LKDDEVAQLK,616.04661,3,44.7,46.7
GTGIVSAPVPK,495.31313,3,44.7,46.7
KESYSVYVYK,651.71486,3,44.7,46.7
GTGIVSAPVPK,742.46606,2,44.7,46.7
LELAQYR,561.32945,2,44.7,46.7
ALIAAQYSGAQVR,526.30514,3,44.8,46.8
ALIAAQYSGAQVR,788.95407,2,44.8,46.8
WLHNEDQMAVEK,653.34505,3,44.8,46.8
SNTPILVDGK,751.45314,2,44.8,46.8
AIGSASEGAQSSLQEVYHK,807.43224,3,44.9,46.9
SLDFYTR,565.80581,2,44.9,46.9
HPDVEVDGFSELR,576.96333,3,44.9,46.9
ELNITAAK,659.41075,2,44.9,46.9
KDWYDVK,547.65869,3,44.9,46.9
VMLGETNPADSKPGTIR,748.75226,3,45,47
GLDVEDVK,666.89239,2,45,47
EAIEGTYIDK,798.94789,2,45,47
NYYEQWGK,773.40874,2,45,47
AEEILEK,645.38948,2,45,47
IMGPNYTPGK,768.43644,2,45,47
AEAGDNLGALVR,707.89622,2,45.1,47.1
AAQGEPQVQFK,851.98006,2,45.1,47.1
LILDSAR,508.81872,2,45.1,47.1
GLQDVLR,515.31634,2,45.1,47.1
MFSSSAK,629.3493,2,45.1,47.1
TTPSYVAFTDTER,858.93574,2,45.2,47.2
ADDGRPFPQVIK,601.01726,3,45.2,47.2
FFPASADR,570.30597,2,45.2,47.2
KEELTLEGIR,549.33448,3,45.2,47.2
YEWDVAEAR,684.34329,2,45.2,47.2
ATQALVLAPTR,685.42187,2,45.2,47.2
KFGDPVVQSDMK,680.05852,3,45.3,47.3
ATNFLAHEK,765.93766,2,45.3,47.3
IFAPNHVVAK,518.65712,3,45.3,47.3
QLLLTADDR,637.3693,2,45.4,47.4
IGAEVYHNLK,534.65203,3,45.4,47.4
VAYVSFGPHAGK,564.32755,3,45.4,47.4
LMEDLDR,560.79713,2,45.4,47.4
VGDVYIPR,574.33728,2,45.4,47.4
LITEDVQGK,730.93987,2,45.5,47.5
VLSSIEQK,681.42386,2,45.5,47.5
EVFEMATR,606.31823,2,45.5,47.5
IEDVTPIPSDSTR,829.94356,2,45.6,47.6
ALAAAGYDVEK,783.4506,2,45.6,47.6
ALAAAGYDVEK,522.63616,3,45.6,47.6
YLAEVAAGDDKK,656.3854,3,45.6,47.6
ELTAVVQK,673.4264,2,45.6,47.6
ALGQNPTNAEVLK,907.03282,2,45.6,47.6
GYGFVHFETQEAAER,657.32504,3,45.6,47.6
ALYETELADAR,740.89588,2,45.6,47.6
YDDMAAAMK,737.37773,2,45.6,47.6
HVFGESDELIGQK,639.68758,3,45.7,47.7
DVNVNFEK,711.90329,2,45.7,47.7
HLVDEPQNLIK,588.68551,3,45.7,47.7
DALQGFK,618.87126,2,45.7,47.7
EVDEQMLNVQNK,635.67658,3,45.8,47.8
VLEDSDLK,688.9055,2,45.8,47.8
ATFDAISK,655.88965,2,45.8,47.8
DFDTALK,634.36855,2,45.8,47.8
EGLELPEDEEEK,937.9854,2,45.9,47.9
EVDEQMLNVQNK,953.01123,2,45.9,47.9
YLMEEDEDAYKK,741.06037,3,45.9,47.9
EGLELPEDEEEK,625.65936,3,45.9,47.9
TGPNLHGLFGR,466.59988,3,45.9,47.9
QTVAVGVIK,686.95004,2,45.9,47.9
LKGDDLQAIK,596.71145,3,46,48
EDLYLKPIQR,578.35024,3,46,48
YESSTASALVA,664.35078,2,46,48
AFSQFGK,621.86598,2,46,48
AIADTGANVVVTGGK,611.02783,3,46.1,48.1
AQIHDLVLVGGSTR,565.66321,3,46.1,48.1
DYFEQYGK,754.3953,2,46.1,48.1
VDATEESDLAQQYGVR,670.67076,3,46.2,48.2
GNFGGSFAGSFGGAGGHAPGVAR,755.37679,3,46.2,48.2
GGYIGSTYFER,739.87749,2,46.2,48.2
VDATEESDLAQQYGVR,1005.5025,2,46.2,48.2
LLQDLDK,651.9053,2,46.2,48.2
TFEGIDPK,682.89493,2,46.2,48.2
DPLNPIK,627.89474,2,46.2,48.2
ELISNSSDALDK,875.48537,2,46.3,48.3
ELISNSSDALDK,583.99267,3,46.3,48.3
QIFLGGVDKR,530.99591,3,46.3,48.3
VLDSGAPIK,679.4264,2,46.3,48.3
GSTDNLMDDIER,797.88265,2,46.4,48.4
FYEEVHDLER,522.5981,3,46.4,48.4
ELIEQLR,565.34256,2,46.4,48.4
KELNYFAK,567.34985,3,46.4,48.4
VMEHFIK,454.60537,3,46.4,48.4
LVSIDSK,610.38674,2,46.4,48.4
GLVLMSR,502.80984,2,46.5,48.5
FSVSPVVR,560.33982,2,46.6,48.6
ATAVMPDGQFK,541.63739,3,46.6,48.6
AGLVIGK,558.38126,2,46.6,48.6
EVGSIIGK,630.90002,2,46.6,48.6
AVDSQILPK,714.94496,2,46.6,48.6
SGKYDLDFK,587.34477,3,46.6,48.6
HFSVEGQLEFR,526.61397,3,46.7,48.7
ATAVMPDGQFK,811.95245,2,46.7,48.7
GFDEYMK,674.35459,2,46.7,48.7
AVFPSIVGRPR,476.62766,3,46.8,48.8
VAGQDGSVVQFK,564.99435,3,46.8,48.8
LKGEATVSFDDPPSAK,783.78048,3,46.8,48.8
IDISNVK,623.89219,2,46.8,48.8
TLGLYGK,605.384,2,46.8,48.8
GLTSVINQK,709.44258,2,46.9,48.9
ANLSLLR,508.32671,2,46.9,48.9
VAGQDGSVVQFK,846.98788,2,46.9,48.9
DIVSGLK,595.38146,2,46.9,48.9
DPFAHLPK,461.6114,3,46.9,48.9
KLGEMWSEQSAK,694.39379,3,47,49
IGGIGTVPVGR,627.89021,2,47,49
LNFAVASR,553.82962,2,47,49
DNSTMGYMMAK,853.91944,2,47.1,49.1
ILGPQGNTIK,749.9715,2,47.1,49.1
VGEVIVTK,651.92349,2,47.1,49.1
TIAMDGTEGLVR,746.40556,2,47.2,49.2
DYFEEYGK,754.8873,2,47.2,49.2
MVPAGMGAGLER,709.37829,2,47.2,49.2
AEDKEWMPVTK,674.383,3,47.2,49.2
EDLRLPEGDLGK,600.68043,3,47.2,49.2
NIILEEGK,687.42386,2,47.2,49.2
LYEQLSGK,698.41603,2,47.2,49.2
ELLTLDEKDPR,596.34868,3,47.2,49.2
AASDIAMTELPPTHPIR,683.70486,3,47.3,49.3
GAWSNVLR,566.32724,2,47.3,49.3
VLLGETGK,637.90784,2,47.3,49.3
LLLQVQHASK,532.33968,3,47.3,49.3
KESYSIYVYK,656.38674,3,47.3,49.3
SSLGPVGLDK,715.93459,2,47.3,49.3
AEFVEVTK,690.91058,2,47.3,49.3
QFSQYIK,686.40547,2,47.3,49.3
VLATVTKPVGGDK,658.08517,3,47.4,49.4
ATISNDGATILK,831.49554,2,47.4,49.4
EVFEDAAEIR,704.3695,2,47.4,49.4
GYSSLLK,613.38146,2,47.4,49.4
KLEVEANNAFDQYR,719.05645,3,47.4,49.4
IIFEDDR,568.81109,2,47.5,49.5
AWTVEQLR,616.35346,2,47.5,49.5
LTGMAFR,512.79419,2,47.5,49.5
EAYPGDVFYLHSR,594.97193,3,47.6,49.6
IVVVTAGVR,571.87657,2,47.6,49.6
LQTQVFK,661.41583,2,47.6,49.6
VFGNEIK,632.88691,2,47.6,49.6
MAVLNEQVK,745.44427,2,47.6,49.6
EAIDSYIK,698.90804,2,47.6,49.6
ELEEWYAR,662.84038,2,47.6,49.6
LVGMPAK,587.37512,2,47.6,49.6
LAEALPK,600.39183,2,47.6,49.6
GELLGFGR,539.31634,2,47.6,49.6
EQQEAIEHIDEVQNEIDR,808.73286,3,47.7,49.7
ESYSVYVYK,798.4397,2,47.7,49.7
RAEDGSVIDYELIDQDAR,765.38691,3,47.7,49.7
DLAPIGIR,542.33982,2,47.7,49.7
FSELTAEK,691.90021,2,47.7,49.7
VAAGLQIK,629.41838,2,47.7,49.7
ESYSVYVYK,532.62889,3,47.7,49.7
KGDIFLVR,469.30256,3,47.7,49.7
AGLQFPVGR,587.35072,2,47.8,49.8
QLIVGVNK,664.93693,2,47.8,49.8
AALSLPAK,614.9051,2,47.8,49.8
KVPQVSTPTLVEVSR,700.09272,3,47.9,49.9
TPIVGQPSIPGGPVR,568.67171,3,47.9,49.9
TEWLDGK,653.874,2,47.9,49.9
TKPYIQVDIGGGQTK,764.7892,3,47.9,49.9
IMDPNIVGSEHYDVAR,682.34896,3,47.9,49.9
ATAVVDGAFK,718.92931,2,47.9,49.9
TPIVGQPSIPGGPVR,852.50392,2,48,50
VTVAGLAGK,637.41583,2,48,50
ALVAYYQK,707.42894,2,48.1,50.1
TFIAIKPDGVQR,601.70127,3,48.1,50.1
LQLLEDDKENR,611.0157,3,48.1,50.1
NAGVEGSLIVEK,837.49554,2,48.1,50.1
TDAAVSFAK,705.40566,2,48.1,50.1
FVLSSGK,598.37618,2,48.1,50.1
GILAADESTGSIAK,896.01684,2,48.2,50.2
GILAADESTGSIAK,597.68032,3,48.2,50.2
YYVTIIDAPGHR,545.3015,3,48.2,50.2
EVDIGIPDATGR,736.40133,2,48.2,50.2
LTSLNVK,616.90256,2,48.2,50.2
STGGAPTFNVTVTK,919.52483,2,48.3,50.3
QITVNDLPVGR,720.92224,2,48.3,50.3
VITIMQNPR,650.88407,2,48.3,50.3
FPDENFK,677.874,2,48.3,50.3
GLGVEIAK,622.90256,2,48.3,50.3
DILIQYDR,632.85857,2,48.3,50.3
EGRPSGEAFVELESEDEVK,855.77433,3,48.4,50.4
AIEINPDSAQPYK,635.35583,3,48.4,50.4
DISLSDYK,699.89767,2,48.4,50.4
STGGAPTFNVTVTK,613.35231,3,48.4,50.4
DNLAEDIMR,653.33715,2,48.4,50.4
LQDEIQNMK,788.94209,2,48.4,50.4
INVYYNEATGGK,893.99062,2,48.5,50.5
YGVSGYPTLK,771.95024,2,48.5,50.5
EVDIYTVK,712.92369,2,48.5,50.5
INVYYNEATGGK,596.32951,3,48.6,50.6
KLYDIDVAK,584.70066,3,48.6,50.6
FIMESGAK,670.88605,2,48.6,50.6
YLAEVATGEK,769.94515,2,48.6,50.6
PYQYPALTPEQK,631.68892,3,48.6,50.6
KASGPPVSELITK,672.0887,3,48.7,50.7
ASGVAVSDGVIK,801.97698,2,48.7,50.7
LMIEMDGTENK,585.64048,3,48.7,50.7
NLQYYDISAK,836.96916,2,48.7,50.7
AWEEYYK,723.88711,2,48.7,50.7
LMIEMDGTENK,877.95708,2,48.7,50.7
IPVGPETLGR,634.38221,2,48.7,50.7
YLYEIAR,578.83183,2,48.7,50.7
VHVIFNYK,493.30256,3,48.7,50.7
DDAMLLK,632.37278,2,48.7,50.7
DLTEYLSR,613.33493,2,48.8,50.8
VETFSGVYK,744.42914,2,48.8,50.8
LIVENLSSR,630.37967,2,48.8,50.8
GSGNLEAIHIIK,570.68199,3,48.8,50.8
ALDVIQAGK,686.93185,2,48.8,50.8
IMSSPLSK,660.9017,2,48.8,50.8
TILMMGR,525.8037,2,48.9,50.9
EVSFQSTGESEWK,986.50683,2,48.9,50.9
EVSFQSTGESEWK,658.00698,3,48.9,50.9
DVIATDKEDVAFK,713.41525,3,48.9,50.9
GFVVINQK,681.92911,2,48.9,50.9
GEFGGFGSVSGK,793.93258,2,48.9,50.9
IVVNLTGR,550.85309,2,48.9,50.9
LAPEFAK,617.384,2,48.9,50.9
AAIGLLAR,507.33708,2,49,51
KEPAVLELEGK,634.06226,3,49,51
EPISVSSEQVLK,592.01693,3,49,51
AFFSEVER,607.32436,2,49,51
AMTGVEQWPYR,783.90045,2,49,51
FDDAVVQSDMK,856.95011,2,49,51
VNFTVDQIR,660.8773,2,49.1,51.1
LNEQASEEILK,866.49828,2,49.1,51.1
MEQVNELK,745.91808,2,49.1,51.1
GGIMLPEK,651.89642,2,49.1,51.1
DLALAIR,500.82126,2,49.1,51.1
YQLDPTASISAK,876.50082,2,49.1,51.1
LAAFGQLHK,481.63431,3,49.1,51.1
LSKDPNIVIAK,629.0745,3,49.1,51.1
ADRDESSPYAAMLAAQDVAQR,832.07797,3,49.2,51.2
GGIVDEGALLR,664.8904,2,49.2,51.2
YLAEFATGNDR,743.3804,2,49.2,51.2
ISVYYNEATGGK,587.32587,3,49.2,51.2
FGDPVVQSDMK,840.95519,2,49.2,51.2
MLVSGAGDIK,724.93099,2,49.2,51.2
ISVYYNEATGGK,880.48517,2,49.3,51.3
SIYYITGESK,809.95826,2,49.3,51.3
SIYYITGESK,540.30793,3,49.3,51.3
GNKPWISLPR,542.66791,3,49.3,51.3
TIAPALVSK,679.44459,2,49.3,51.3
GAIILAK,572.39691,2,49.3,51.3
ELQEMDKDDESLIK,794.101,3,49.4,51.4
YDEMVESMK,795.40141,2,49.4,51.4
VSELKEELK,588.03582,3,49.4,51.4
GLGLDESGLAK,759.4506,2,49.4,51.4
TVDLKPDWGK,616.03956,3,49.4,51.4
KVDWLTEK,569.35337,3,49.4,51.4
APLVLKD,607.39965,2,49.4,51.4
VISESMDILFRIR,603.34824,3,49.4,51.4
AAPFSLEYR,641.85329,2,49.5,51.5
VAVGELTDEDVK,866.99029,2,49.5,51.5
ELAEDDSILK,795.95317,2,49.5,51.5
LLDVVHPAAK,507.65701,3,49.5,51.5
YGVIILDEAHER,548.63666,3,49.5,51.5
LGDVYVNDAFGTAHR,621.98988,3,49.6,51.6
SIQEIQELDKDDESLR,792.76013,3,49.6,51.6
YALYDATYETK,898.47956,2,49.6,51.6
FVIATSTK,662.91567,2,49.6,51.6
LDQPMTEIVSR,759.41339,2,49.6,51.6
AVVLMGK,588.38295,2,49.6,51.6
AQFLVEK,646.90256,2,49.6,51.6
LVQDVANNTNEEAGDGTTTATVLAR,930.47534,3,49.7,51.7
SHTILLVQPTK,869.03738,2,49.7,51.7
DIPGLTDTTVPR,757.42481,2,49.7,51.7
EQFLDGDGWTSR,820.39932,2,49.7,51.7
TLVDIAK,609.39711,2,49.7,51.7
LDIDSPPITAR,713.90879,2,49.8,51.8
IISSIEQK,688.43168,2,49.8,51.8
LITPAVVSER,657.40315,2,49.8,51.8
LTGVFAPR,545.33454,2,49.8,51.8
ALIEMEK,646.38843,2,49.8,51.8
LLVVTDPR,571.36075,2,49.8,51.8
EVPAVPETLK,770.97117,2,49.8,51.8
GVVDSDDLPLNVSR,857.96229,2,49.9,51.9
IQASTMAFK,727.92571,2,49.9,51.9
APAMFNIR,574.82602,2,49.9,51.9
GIVPLAK,578.39691,2,49.9,51.9
FANYIDK,664.88437,2,49.9,51.9
SKPGAAMVEMADGYAVDR,776.06937,3,50,52
KLFNLSK,513.00754,3,50,52
NFDEILR,568.31908,2,50,52
FPGQLNADLR,680.38275,2,50,52
EVGVYEALK,733.43696,2,50,52
FYEQFSK,703.88965,2,50,52
ELNYFAK,671.89219,2,50,52
SLPLNPK,634.90256,2,50,52
VLAVNQENEHLMEDYEK,840.43325,3,50,52
ARHRNVR,590.35466,2,50,52
YQILPLHSQIPR,565.33655,3,50.1,52.1
GTVTDFPGFDER,785.39096,2,50.1,52.1
ALEIIPR,520.83691,2,50.1,52.1
SVNELIYK,712.43168,2,50.2,52.2
LVTDLTK,624.40239,2,50.2,52.2
AIFAGYK,614.37872,2,50.2,52.2
LSIVPVR,506.83945,2,50.2,52.2
VATPVDWK,687.41329,2,50.2,52.2
TLADLIR,515.82654,2,50.2,52.2
GIYAYGFEKPSAIQQR,762.75974,3,50.3,52.3
VIDPATATSVDLR,793.95119,2,50.3,52.3
LIGEYGLR,575.3451,2,50.3,52.3
ILGPGLNK,635.41838,2,50.3,52.3
AVLLGPPGAGK,719.46332,2,50.3,52.3
DFLLTAR,532.81872,2,50.3,52.3
LQAYHTQTTPLIEYYR,742.73006,3,50.3,52.3
LQQLPADFGR,687.39057,2,50.3,52.3
GAVYSFDPVGSYQR,887.95172,2,50.4,52.4
AVDSLVPIGR,628.38221,2,50.4,52.4
GVQYLNEIK,761.45569,2,50.4,52.4
VFEGNRPTNSIVFTK,723.0807,3,50.4,52.4
DETEFYLGK,780.42151,2,50.4,52.4
EIAEAYLGK,726.42914,2,50.4,52.4
GDSVIVVLR,593.87148,2,50.4,52.4
ETNLDSLPLVDTHSK,709.72811,3,50.5,52.5
YYTSASGDEMVSLK,1005.01872,2,50.5,52.5
ELISNASDALDK,578.66103,3,50.5,52.5
ELISNASDALDK,867.48791,2,50.5,52.5
TEQAISFAK,747.93205,2,50.5,52.5
DVNAAIATIK,491.97288,3,50.5,52.5
MLEQLDMR,632.83319,2,50.5,52.5
ESYSIYVYK,537.30078,3,50.5,52.5
FIEIAAR,524.82126,2,50.5,52.5
AGGFLMK,591.35947,2,50.5,52.5
MPSLPSYK,690.9017,2,50.5,52.5
VSHVSTGGGASLELLEGK,733.75102,3,50.6,52.6
NPDDITNEEYGEFYK,1146.55725,2,50.6,52.6
TIAQDYGVLK,783.46879,2,50.6,52.6
ESYSIYVYK,805.44753,2,50.6,52.6
LSEDYGVLK,741.43442,2,50.6,52.6
FVMQEEFSR,701.35534,2,50.6,52.6
AGLMLQEADK,775.43664,2,50.6,52.6
NPDDITNEEYGEFYK,764.70726,3,50.7,52.7
TAVVVGTITDDVR,787.95119,2,50.7,52.7
VLSIGDGIAR,615.37439,2,50.7,52.7
SGVSLAALK,652.42112,2,50.7,52.7
KLFVGGLK,517.01967,3,50.7,52.7
AFSYYGPLR,651.85583,2,50.7,52.7
GTWVQLK,645.40273,2,50.7,52.7
GLVQALQTK,708.45295,2,50.7,52.7
KVVNPLFEK,587.7129,3,50.8,52.8
RAPFDLFENR,498.60693,3,50.8,52.8
TGAAPIIDVVR,670.9086,2,50.8,52.8
EMWTEVPK,739.40989,2,50.8,52.8
QWYESHYALPLGR,616.99133,3,50.8,52.8
LQMEAPHIIVGTPGR,616.68362,3,50.9,52.9
LVLVGDGGTGK,737.45569,2,50.9,52.9
YPMAVGLNK,725.92825,2,50.9,52.9
LGDLYEEEMR,742.36864,2,50.9,52.9
LSPEDYTLK,762.4397,2,50.9,52.9
ELLPEIR,549.83965,2,50.9,52.9
KSDIDEIVLVGGSTR,683.06483,3,51,53
GDVTITNDGATILK,938.54322,2,51,53
VATWFNQPAR,709.89074,2,51,53
AFGYYGPLR,636.85055,2,51,53
IDIIPNPQER,712.40896,2,51,53
SLTNDWEDHLAVK,662.69474,3,51.1,53.1
EALTYDGALLGDR,811.933,2,51.1,53.1
KLDELYGTWR,580.33459,3,51.1,53.1
AVSDWIDEQEK,889.47226,2,51.1,53.1
AGVIFPVGR,572.85564,2,51.1,53.1
QFAEMYVAK,772.93099,2,51.1,53.1
GVVVVIK,586.41256,2,51.1,53.1
ILGADTSVDLEETGR,902.97813,2,51.2,53.2
NPDDITQEEYGEFYK,769.37914,3,51.2,53.2
ESLIDGIK,666.91058,2,51.2,53.2
IIALDGDTK,702.42914,2,51.2,53.2
EITALAPSTMK,810.47576,2,51.2,53.2
IGNFSTDIK,726.92676,2,51.2,53.2
SGWESYYK,760.3953,2,51.2,53.2
GVTFNVTTVDTK,870.50082,2,51.3,53.3
DLSLEEIQK,766.95043,2,51.3,53.3
LQLWDTAGQER,773.41477,2,51.3,53.3
NPDDITQEEYGEFYK,1153.56508,2,51.3,53.3
EITALAPSTMK,540.65293,3,51.3,53.3
LQLEIDQK,722.94241,2,51.3,53.3
FTDEEVDELYR,822.90136,2,51.3,53.3
YPDPLIK,652.40494,2,51.3,53.3
MVNHFIAEFK,570.65316,3,51.3,53.3
FNPFVTSDR,656.34837,2,51.4,53.4
YGEPGEVFINK,855.97698,2,51.4,53.4
AGQAVDDFIEK,825.95879,2,51.4,53.4
VLAAVYK,611.4022,2,51.4,53.4
KSDVEAIFSK,604.36757,3,51.4,53.4
KFDQLLAEEK,636.71849,3,51.4,53.4
VNPIQGLASK,742.96368,2,51.4,53.4
GTGGVDTAAVGGVFDVSNADR,1097.55052,2,51.5,53.5
HFIDVGAGVIDEDYR,645.66517,3,51.5,53.5
KDLYANTVLSGGTTMYPGIADR,939.83342,3,51.5,53.5
VTLATLK,602.40748,2,51.5,53.5
ALMDEVVK,681.90699,2,51.5,53.5
NLQEAEEWYK,884.46952,2,51.5,53.5
HALIIYDDLSK,582.67825,3,51.5,53.5
LDVTSVEDYK,813.95317,2,51.5,53.5
ISEQFTAMFR,737.88172,2,51.5,53.5
EGEFVAQFK,756.92676,2,51.5,53.5
AFLIEEQK,718.43168,2,51.6,53.6
DEILPTTPISEQK,965.05088,2,51.6,53.6
LVQGSILK,658.43931,2,51.6,53.6
IETIEVMEDR,732.38429,2,51.6,53.6
DLFPYEESK,793.42934,2,51.6,53.6
LLSISGK,588.39183,2,51.6,53.6
GDDLSTAILK,745.94515,2,51.6,53.6
NFEDVAFDEK,836.43515,2,51.6,53.6
NIGLGFK,603.88417,2,51.6,53.6
VDFSITK,634.38674,2,51.6,53.6
ADVQSIIGLQR,714.92224,2,51.7,53.7
ELGVGIALR,578.8662,2,51.7,53.7
SPYQEFTDHLVK,641.35231,3,51.7,53.7
VNFAMNVGK,719.41805,2,51.7,53.7
VWQVTIGTR,644.88238,2,51.7,53.7
IGQGYLIK,675.43148,2,51.7,53.7
DSPSVWAAVPGK,557.98719,3,51.8,53.8
DSPSVWAAVPGK,836.47715,2,51.8,53.8
LSDGVAVLK,680.43422,2,51.8,53.8
SQIFSTASDNQPTVTIK,765.75807,3,51.8,53.8
VVDPFSK,625.38146,2,51.8,53.8
LPDGYEFK,713.90276,2,51.8,53.8
EAATLEVERPLPMEVEK,800.44672,3,51.9,53.9
GTIQVITQGTSLK,902.55085,2,51.9,53.9
VYNVTQHAVGIVVNK,700.41743,3,51.9,53.9
LVLDSVK,616.40494,2,51.9,53.9
DFMIQGGDFTR,758.3768,2,51.9,53.9
FGPALSVK,638.9051,2,51.9,53.9
YVPLADVK,681.92349,2,51.9,53.9
APQVLVLAPTR,697.44006,2,52,54
ASLSLIEK,659.92095,2,52,54
SAHLQWMVVR,749.41352,2,52,54
ILDSVGIEADDDR,823.92537,2,52.1,54.1
ILENEKDLEEAEEYK,847.12972,3,52.1,54.1
GPLQSVQVFGR,708.91167,2,52.1,54.1
VAGMDVELTVEER,838.93996,2,52.1,54.1
KAPDFVFYAPR,590.3432,3,52.1,54.1
LQVVDQPLPVR,746.95608,2,52.1,54.1
LLGLGQK,593.89982,2,52.1,54.1
LLVGVDEK,665.92095,2,52.1,54.1
GFSLEELR,590.33219,2,52.2,54.2
SVPTSTVFYPSDGVATEK,781.75432,3,52.2,54.2
DLSTIEPLK,737.45007,2,52.2,54.2
LVPVGYGIR,601.87657,2,52.2,54.2
ISGLIYEETR,705.39552,2,52.2,54.2
YTPSGQAGAAASESLFVSNHAY,819.73431,3,52.2,54.2
IFGGEIK,611.384,2,52.2,54.2
VAPEEHPVLLTEAPLNPK,804.80161,3,52.3,54.3
AVFPSIVGR,587.86092,2,52.3,54.3
ASGPPVSELITK,829.00046,2,52.3,54.3
FVIKPIDK,549.69859,3,52.3,54.3
GIYAYGFEK,753.42386,2,52.3,54.3
GVVDSEDLPLNISR,871.97794,2,52.4,54.4
IEDLSQQAQLAAAEK,691.72458,3,52.4,54.4
GALQNIIPASTGAAK,624.04359,3,52.4,54.4
LIPDSIGK,650.91567,2,52.4,54.4
GALQNIIPASTGAAK,935.56175,2,52.4,54.4
VLLPEYGGTK,767.96589,2,52.4,54.4
DLTDYLMK,736.90718,2,52.4,54.4
AELNEFLTR,661.3693,2,52.4,54.4
VGINYQPPTVVPGGDLAK,761.77528,3,52.5,54.5
ADKPDMGEIASFDK,1127.10563,2,52.5,54.5
GDLGIEIPAEK,800.47153,2,52.5,54.5
YPIEHGIITNWDDMEK,807.08378,3,52.5,54.5
EHALLAYTLGVK,591.69401,3,52.5,54.5
FYEAFSK,675.37892,2,52.5,54.5
IPAMTIAK,651.91461,2,52.5,54.5
EGLELLK,630.40239,2,52.6,54.6
SYELPDGQVITIGNER,1010.53106,2,52.6,54.6
LPLQDVYK,717.44205,2,52.6,54.6
FEDENFILK,806.95298,2,52.7,54.7
LFVGGLK,596.39691,2,52.7,54.7
YFDEKIAK,851.01315,2,52.7,54.7
ALLFIPR,529.84982,2,52.8,54.8
VFLENVIR,609.87402,2,52.8,54.8
EIIDLVLDR,657.89515,2,52.9,54.9
LDQLIYIPLPDEK,1008.09509,2,52.9,54.9
LISQIVSSITASLR,859.02469,2,53.3,55.3
MFLVNSFLK,799.97266,2,53.7,55.7
TLWTVLDAIDQMWLPVVR,795.77825,3,53.7,55.7
MTQIMFETFNTPAMYVAIQAVLSLYASGR,1161.59564,3,53.8,55.8
TLIDLYEQVVLELIELR,763.44867,3,53.9,55.9
LLIVVELLLGEIPDR,641.06936,3,53.9,55.9
SQDDEIGDGTTGVVVLAGALLEEAEQLLDR,1114.90865,3,54,56
AALQEELSDVLIYLVALAAR,796.46309,3,54,56
GYFEELITMLEAALGLER,762.07473,3,54.1,56.1
SLYAIFSQFGQILDILVSR,800.45605,3,54.1,56.1
AAVILESIFLK,852.53922,2,54.2,56.2
DLFLDLIADVMFGVPSVIVAR,840.47635,3,54.2,56.2
VGAGAPVYMAAVLEYLTAEILELAGNAAR,1054.9072,3,54.6,56.6
IGVGAPVYMAAVLEYLTAEILELAGNAAR,1068.92285,3,54.8,56.8
